{
  "users": [
    {
      "id": 1,
      "nombre": "Juan Pérez",
      "telefono": "+1234567890"
    },
    {
      "id": 2,
      "nombre": "María Gómez",
      "telefono": "+0987654321"
    },
    {
      "id": 4,
      "nombre": "Ana Martínez",
      "telefono": "+2233445566"
    },
    {
      "id": 5,
      "nombre": "Luis Fernández",
      "telefono": "+3344556677"
    },
    {
      "id": 6,
      "nombre": "Adiel Aldair",
      "telefono": "+52112212321"
    },
    {
      "id": 7,
      "nombre": "Raziel Abed",
      "telefono": "+0987654321"
    }
  ]
}
